model,wrmsse,smape,mase,rmsse,rmse,notes
LGBMRegressor,234.8638226075505,0.7314662871310205,0.7724717316763842,0.30456072457630107,0.0,cv_results
LGBMRegressor,235.04646751867793,1.0719212456856855,1.194543690173489,0.2897155893615268,0.0,final_model
LGBMRegressor/TopDown_method-forecast_proportions,86.5992355766355,0.6113296529636076,0.652741609143137,0.23801562248970737,0.0,final_model
LGBMRegressor/MiddleOut_middle_level-total/produto/centro_distribuicao_top_down_method-forecast_proportions,267.07753134582225,0.8318003521420957,0.9157732132625888,0.28217852513801794,0.0,final_model
LGBMRegressor/MinTrace_method-wls_var,503.1523151271784,1.0597249782978997,1.1786775488316346,0.2893471963275686,0.0,final_model
LGBMRegressor/MinTrace_method-wls_struct,265.9952235922614,1.3356950637587524,1.5729125937267203,0.48797532529884446,0.0,final_model
LGBMRegressor/MinTrace_method-mint_shrink,433.0779375713229,2.0290974358584264,2.355311086216029,0.45059377458752026,0.0,final_model
