{
    "main_metric": 0.9540697196803619,
    "metrics": {
        "rmse": 29542.83022314835,
        "rmsse": 0.9540697196803619,
        "mase": 0.9066038440644106,
        "smape": 0.18933553189280028
    },
    "model_params": {
        "objective": "poisson",
        "verbosity": -1,
        "n_jobs": -1,
        "learning_rate": 0.014811201238503054,
        "feature_fraction": 0.8925522638392513,
        "bagging_fraction": 0.8184591497128225,
        "lambda_l1": 0.09123210291212154,
        "lambda_l2": 0.5920599659166005,
        "num_leaves": 28,
        "max_depth": 6,
        "min_data_in_leaf": 6,
        "n_estimators": 2409
    },
    "mlf_params": {
        "lags": [
            1,
            2,
            3,
            4,
            5,
            6,
            12
        ],
        "lag_transforms": {
            "1": "expanding_mean",
            "6": [
                "rolling_mean_3",
                "rolling_mean_6"
            ],
            "12": [
                "expanding_mean",
                "rolling_mean_3"
            ]
        },
        "target_transforms": [
            "boxcox"
        ],
        "date_features": [
            "month",
            "quarter",
            "is_month_start",
            "is_month_end"
        ]
    },
    "mlf_fit_params": {
        "static_features": []
    }
}