{
    "main_metric": 0.7314662871310205,
    "metrics": {
        "model": "LGBMRegressor",
        "rmse": 234.8638226075505,
        "rmsse": 0.7314662871310205,
        "mase": 0.7724717316763842,
        "smape": 0.30456072457630107,
        "wrmsse": 0.0,
        "notes": "cv_results"
    },
    "model_params": {
        "objective": "poisson",
        "verbosity": -1,
        "n_jobs": -1,
        "learning_rate": 0.011552609520026576,
        "feature_fraction": 0.8580945732187625,
        "bagging_fraction": 0.9266415740122277,
        "lambda_l1": 3.1982428566503605e-07,
        "lambda_l2": 0.00012481658849905204,
        "num_leaves": 64,
        "max_depth": 3,
        "min_data_in_leaf": 19,
        "n_estimators": 1288
    },
    "mlf_params": {
        "lags": [
            1,
            2,
            3,
            4,
            5,
            6,
            12
        ],
        "lag_transforms": {
            "1": "expanding_mean",
            "6": [
                "rolling_mean_3",
                "rolling_mean_6"
            ],
            "12": [
                "expanding_mean",
                "rolling_mean_3"
            ]
        },
        "target_transforms": [],
        "date_features": [
            "month",
            "quarter",
            "is_month_start",
            "is_month_end"
        ]
    },
    "mlf_fit_params": {
        "static_features": []
    }
}